Name,Sequence,SPR,BLI,ELISA,FCAS
HbnC2t1p2_D9,PNITNLCPFGEVFNATRFASVYAWNRKRISNCVADYSVLYNSASFSTFKCYGVSPTKLNDLCFTNVYADSFVIRGDEVRQIAPGQTGKIADYNYKLPDDFTGCVIAWNSNNLDSKVGGNYNYLYRLFRKSNLKPFERDISTEIYQAGSTPCNGVEGFNCYFPLQSYGFQPTNGVGYQPYRVVVLSFELLHAPATVCGPKKSTNLVKNKCVNFNFNGLTGTGVLTESNKKFLPFQQFGRDIADTTDAVRDPQTLEQVQLVESGGGVVQPGRSLRLSCAASGFTFSSYGMHWVRQAPGKGLEWVAVIWYDGRNKYYVDSVKGRFTISRDNSKNTLYLQISSLRAEDTAVYYCARAARRPVVTDTMAYYMDVWGKGTTVTVSSEIVLTQSPATLSLSPGERATLSCRASLSLSSYLAWYQQKPGQAPRLLIYDASNRATGIPARFSGSGSGTDFTLTISSLEPEDFAVYYCQQRSNWPPTWTFGQGTKAEIKARAARRPVVTDTMAYYMDVQQRSNWPPTWT,72.0,,0.04,
CC12.16,PNITNLCPFGEVFNATRFASVYAWNRKRISNCVADYSVLYNSASFSTFKCYGVSPTKLNDLCFTNVYADSFVIRGDEVRQIAPGQTGKIADYNYKLPDDFTGCVIAWNSNNLDSKVGGNYNYLYRLFRKSNLKPFERDISTEIYQAGSTPCNGVEGFNCYFPLQSYGFQPTNGVGYQPYRVVVLSFELLHAPATVCGPKKSTNLVKNKCVNFNFNGLTGTGVLTESNKKFLPFQQFGRDIADTTDAVRDPQTLEQVQLVESGGGVVQPGRSLRLSCAASGFTFSSYGMHWVRQAPGKGLEWVALIWYDGSNKNYADSVKGRFTISRDNSKNTLDLQMNSLRAEDTAVYYCARDPFPGAVAGTGYLQYWGQGTLVTVSSSYELTQPPSVSVAPGQTARITCGGNNIGSKSVHWYQQKPGQAPVLVVYDDSDRPSGIPERFSGSNSGNTATLTISRVEAGDEADYYCQVWDSSSDPWVFGGGTKLTVLARDPFPGAVAGTGYLQYQVWDSSSDPWV,147.0,,0.073,
CC12.25,PNITNLCPFGEVFNATRFASVYAWNRKRISNCVADYSVLYNSASFSTFKCYGVSPTKLNDLCFTNVYADSFVIRGDEVRQIAPGQTGKIADYNYKLPDDFTGCVIAWNSNNLDSKVGGNYNYLYRLFRKSNLKPFERDISTEIYQAGSTPCNGVEGFNCYFPLQSYGFQPTNGVGYQPYRVVVLSFELLHAPATVCGPKKSTNLVKNKCVNFNFNGLTGTGVLTESNKKFLPFQQFGRDIADTTDAVRDPQTLEQVQLVESGGGLVQPGGSLRLSCAASGFTFSSYAMSWVRQAPGKGLEWVSAISGSGDSTYYADSVKGRFTISRDNSKNTLYLQMNSLRAEDTAVYYCAKDRYYEFWSGYSNWFDPWGQGTLVTISSQSALTQPPSASGTPGQRVTISCSGSSSNIGSNTVNWYQQLPGTAPKVLVYSNDQRPSGVPDRFSGSKSGTSASLAISGLQSEDEADYYCAAWDDSLNGPVFGGGTKLTVLAKDRYYEFWSGYSNWFDPAAWDDSLNGPV,3.88,,0.018,
NT-193,PNITNLCPFGEVFNATRFASVYAWNRKRISNCVADYSVLYNSASFSTFKCYGVSPTKLNDLCFTNVYADSFVIRGDEVRQIAPGQTGKIADYNYKLPDDFTGCVIAWNSNNLDSKVGGNYNYLYRLFRKSNLKPFERDISTEIYQAGSTPCNGVEGFNCYFPLQSYGFQPTNGVGYQPYRVVVLSFELLHAPATVCGPKKSTNLVKNKCVNFNFNGLTGTGVLTESNKKFLPFQQFGRDIADTTDAVRDPQTLEEVQLQQWGAGLLKPSETLSLTCAVYGGSFSGYYWSWIRQPPGKGLEWIGEINHSGSTNYNPSLKSRVTISVDTSKNQFSLKLSSVTAADTAVYYCARGWDLDYYYGMDVWGQGTTVTVSSAIRMTQSPSAMSASVGDRVTVTCRASQGIGNYLAWFQLKPGKVPKRLIYAASSLQSGVPARFSGGGSGTEFTLTISSLQPEDFATYYCLQHGFLPWTFGQGTKLEIKARGWDLDYYYGMDVLQHGFLPWT,1.2,0.687,,
CC12.28,PNITNLCPFGEVFNATRFASVYAWNRKRISNCVADYSVLYNSASFSTFKCYGVSPTKLNDLCFTNVYADSFVIRGDEVRQIAPGQTGKIADYNYKLPDDFTGCVIAWNSNNLDSKVGGNYNYLYRLFRKSNLKPFERDISTEIYQAGSTPCNGVEGFNCYFPLQSYGFQPTNGVGYQPYRVVVLSFELLHAPATVCGPKKSTNLVKNKCVNFNFNGLTGTGVLTESNKKFLPFQQFGRDIADTTDAVRDPQTLEEVQLLESGGGLVQPGGSLRLSCAASGFTFSNYAMTWVRQAPGKGLEWVSAISSGSGSTYYADSVKGRFTISRDNSKNTVYLQMNSLRAEDTAIYYCAKANKYSSSEFDFWGQGTLVTISSQSALTQPPSASGTPGQRVTISCSGSSSNIGSNYVYWYQQLPGAAPKLLIYRNDQRPSGVPDRFSGSKSGTSVSLAISGLRSEDEADYYCAAWDDSLSGWVFGGGTKLTVLAKANKYSSSEFDFAAWDDSLSGWV,286.0,,0.64,
CV07-262,PNITNLCPFGEVFNATRFASVYAWNRKRISNCVADYSVLYNSASFSTFKCYGVSPTKLNDLCFTNVYADSFVIRGDEVRQIAPGQTGKIADYNYKLPDDFTGCVIAWNSNNLDSKVGGNYNYLYRLFRKSNLKPFERDISTEIYQAGSTPCNGVEGFNCYFPLQSYGFQPTNGVGYQPYRVVVLSFELLHAPATVCGPKKSTNLVKNKCVNFNFNGLTGTGVLTESNKKFLPFQQFGRDIADTTDAVRDPQTLEQVQLVQSGAEVKKPGASVKVSCKASGYTFTGYYMHWVRQAPGQGLEWMGWINPNSGGTNYAQTFQGRVTMTRDTSITTTYMELSRLRSDDTAVYYCARVGWYDFGTPGDYYYYYGMDVWGQGTTVTVSSQSALTQPASVSGSPGQSITISCTGTSSDVGSYNLVSWYQQHPGKAPKLMIYEGSKRPSGVSNRFSGSKSGNTASLTISGLQAEDEADYFCCSYAGTSTFVFGTGTKVTVLGQPKANPTVTLARVGWYDFGTPGDYYYYYGMDVCSYAGTSTFV,0.079,,0.0121,
CC6.32,PNITNLCPFGEVFNATRFASVYAWNRKRISNCVADYSVLYNSASFSTFKCYGVSPTKLNDLCFTNVYADSFVIRGDEVRQIAPGQTGKIADYNYKLPDDFTGCVIAWNSNNLDSKVGGNYNYLYRLFRKSNLKPFERDISTEIYQAGSTPCNGVEGFNCYFPLQSYGFQPTNGVGYQPYRVVVLSFELLHAPATVCGPKKSTNLVKNKCVNFNFNGLTGTGVLTESNKKFLPFQQFGRDIADTTDAVRDPQTLEEVQLVESGGGLVQPGRSLRLSCAASGFTFDDYAMHWVRQAPGKGLEWVSGISWNSGSIAFAGSVKGRFTISRDNAKNSLYLQMNSLRAEDTALYYCAKDQGYSYGNYFDYWGQGTLVTVSSQLVLTQPPSVSVAPGKTARITCGGNNIGSKSVYWYQQKPGQAPVLVVYDDSDRPSGIPERFSGSNSGNTATLTISRVEAGDEADYYCQVWDSSSDHPYVFGSGTKVTVLAKDQGYSYGNYFDYQVWDSSSDHPYV,1.08,,0.013,
MnC2t2p1_C11,PNITNLCPFGEVFNATRFASVYAWNRKRISNCVADYSVLYNSASFSTFKCYGVSPTKLNDLCFTNVYADSFVIRGDEVRQIAPGQTGKIADYNYKLPDDFTGCVIAWNSNNLDSKVGGNYNYLYRLFRKSNLKPFERDISTEIYQAGSTPCNGVEGFNCYFPLQSYGFQPTNGVGYQPYRVVVLSFELLHAPATVCGPKKSTNLVKNKCVNFNFNGLTGTGVLTESNKKFLPFQQFGRDIADTTDAVRDPQTLEQVQLVQSGAEVKKPGSSVKVSCKASGGTFSRYTIIWVRQAPGQGLEWMGRIIPILDIANYAQKFQGRVTITADKSTSTAYMELSSLRSEDTAVYYCAREGGLDYFGSRNSGWTYTWFDPWGQGTLVTVSSDIQMTQSPSSLSASVGDRVTITCRASQNISSYLNWYQQKPGKAPNLLIYAASSLQSGVPPRFSGSGSGTDFTLTISSLQPEDFATYYCQQSYSTLYSFGQGTKLEIKAREGGLDYFGSRNSGWTYTWFDPQQSYSTLYS,0.02,,0.02,
CC12.20,PNITNLCPFGEVFNATRFASVYAWNRKRISNCVADYSVLYNSASFSTFKCYGVSPTKLNDLCFTNVYADSFVIRGDEVRQIAPGQTGKIADYNYKLPDDFTGCVIAWNSNNLDSKVGGNYNYLYRLFRKSNLKPFERDISTEIYQAGSTPCNGVEGFNCYFPLQSYGFQPTNGVGYQPYRVVVLSFELLHAPATVCGPKKSTNLVKNKCVNFNFNGLTGTGVLTESNKKFLPFQQFGRDIADTTDAVRDPQTLEQVQLVESGGGVVQPGRSLRLSCAASGFTFSSYGMHWVRQAPGKGLEWVAVISYDGSNKYYADSVKGRFTISRDNSKNTLYLQMSSLRGEDTAVYYCAKDQAYYDILTGYLNPPKNYYYYGMDVWGQGTTVTVSSQSVLTQPPSASSTPGQRVTISCSGSSSNIGSNYVYWYQQLPGTAPKLLIYTNNQRPSGVPDRFSGSKSGTSASLAISGLRSEDEADYYCAAWDDSLSGRVVFGGGTKLTVLAKDQAYYDILTGYLNPPKNYYYYGMDVAAWDDSLSGRVV,2.6,,0.036,
MnC2t1p1_A3,PNITNLCPFGEVFNATRFASVYAWNRKRISNCVADYSVLYNSASFSTFKCYGVSPTKLNDLCFTNVYADSFVIRGDEVRQIAPGQTGKIADYNYKLPDDFTGCVIAWNSNNLDSKVGGNYNYLYRLFRKSNLKPFERDISTEIYQAGSTPCNGVEGFNCYFPLQSYGFQPTNGVGYQPYRVVVLSFELLHAPATVCGPKKSTNLVKNKCVNFNFNGLTGTGVLTESNKKFLPFQQFGRDIADTTDAVRDPQTLEEVQLVESGGGLVQPGGSLRLSCAASGFTVSSNYMSWVRQAPGRGLEWVSVIYSGGSTFYADSVKGRFTISRDNSKNTLYLQMNSLRPEDTAVYYCATGARFGESPFDYWGQGTLVTVSSDIQMTQSPSSVSASVGDRVTITCRASQGISSWLAWYQQKPGKAPKLLIYAASSLQSGVPSRFSGSGSGTDFTLTISSLQPEDFATYYCQQANSFPGTFGQGTKVEIKATGARFGESPFDYQQANSFPGT,0.7,,0.05,
MnC4t1p1_A10,PNITNLCPFGEVFNATRFASVYAWNRKRISNCVADYSVLYNSASFSTFKCYGVSPTKLNDLCFTNVYADSFVIRGDEVRQIAPGQTGKIADYNYKLPDDFTGCVIAWNSNNLDSKVGGNYNYLYRLFRKSNLKPFERDISTEIYQAGSTPCNGVEGFNCYFPLQSYGFQPTNGVGYQPYRVVVLSFELLHAPATVCGPKKSTNLVKNKCVNFNFNGLTGTGVLTESNKKFLPFQQFGRDIADTTDAVRDPQTLEQLQVQESGPGLVKPSETLSLTCTVSGASISSNHYFWGWIRQPPGKGLAWIGSMHYSGSTYYNPSLKSRVTISVDTSKNQLSLKLSSVTAADTAVYYCARGVNYYDRNGYYRNDGFDIRGQGTMVTVSSDIQMTQSPSSLSASVGDRVTITCRASQGIRNDLGWYEQKPGKAPKRLIYAASSLESGVPSRFSGSGSGTEFTLTISSLQPEDFATYYCLQHNTYPFTFGPGTRVDIKARGVNYYDRNGYYRNDGFDILQHNTYPFT,520.0,,0.07,
CC12.21,PNITNLCPFGEVFNATRFASVYAWNRKRISNCVADYSVLYNSASFSTFKCYGVSPTKLNDLCFTNVYADSFVIRGDEVRQIAPGQTGKIADYNYKLPDDFTGCVIAWNSNNLDSKVGGNYNYLYRLFRKSNLKPFERDISTEIYQAGSTPCNGVEGFNCYFPLQSYGFQPTNGVGYQPYRVVVLSFELLHAPATVCGPKKSTNLVKNKCVNFNFNGLTGTGVLTESNKKFLPFQQFGRDIADTTDAVRDPQTLEQVQLVQSGAEVKKPGASVKVSCKVSGYTLTELSMHWVRQAPGKGLEWMGGFDPEDGETIYAQKFQGRVTMTEDTSTDTAYMDLSSLRSEDTAVYYCATAFSIFGVVPPDYWGQGTLVTVSQAVVTQPPSASGTPGQRVTISCSGSSSNIGSNTVNWYQQLPGTAPKLLIYSNNQRPSGVPDRFSGSKSGTSASLAISGLQSEDEADYYCAAWDDSLNGPVFGGGTKLTVLATAFSIFGVVPPDYAAWDDSLNGPV,36.2,,0.005,
CV07-209,PNITNLCPFGEVFNATRFASVYAWNRKRISNCVADYSVLYNSASFSTFKCYGVSPTKLNDLCFTNVYADSFVIRGDEVRQIAPGQTGKIADYNYKLPDDFTGCVIAWNSNNLDSKVGGNYNYLYRLFRKSNLKPFERDISTEIYQAGSTPCNGVEGFNCYFPLQSYGFQPTNGVGYQPYRVVVLSFELLHAPATVCGPKKSTNLVKNKCVNFNFNGLTGTGVLTESNKKFLPFQQFGRDIADTTDAVRDPQTLEQVQLVESGGGLVKPGGSLRLSCAASGFTFSDYYMSWIRQAPGKGLEWVSYISSSVSTIYYADSVKGRFTISRDNAKNSLYLQMNSLRAEDTAVYYCARDGVIPPRFDYWGQGTLVTVSSDIQMTQSPSSLSASVGDRVTITCQASQDISNYLNWYQQKPGKAPKLLIYDASNLETGVPSRFSGSGSGTDFTFTISSLQPEDIATYYCQQYDNLPLTFGGGTKVEIKARDGVIPPRFDYQQYDNLPLT,0.006,,0.0041,
REGN10954,PNITNLCPFGEVFNATRFASVYAWNRKRISNCVADYSVLYNSASFSTFKCYGVSPTKLNDLCFTNVYADSFVIRGDEVRQIAPGQTGKIADYNYKLPDDFTGCVIAWNSNNLDSKVGGNYNYLYRLFRKSNLKPFERDISTEIYQAGSTPCNGVEGFNCYFPLQSYGFQPTNGVGYQPYRVVVLSFELLHAPATVCGPKKSTNLVKNKCVNFNFNGLTGTGVLTESNKKFLPFQQFGRDIADTTDAVRDPQTLEEVQLVESGGGLVQPGGSLRLSCAASGITVSSNYMSWVRQAPGKGLEWVSLIYSGGSTYYADSVKGRFTISRDNSKNTLYLQMNSLRVEDTAVYYCARDHGMAAAGYNYWGQGTLVTVSSDIQMTQSPSSLSASVGDRVTITCQASQDINKYLNWYQQKPGKAPKLLIYDASNLETGVPSRFSGSGSGTDFTFTINSLQPEDFATYFCQQYDNLPPAFGQGTKVEIKARDHGMAAAGYNYQQYDNLPPA,2.38,,0.0746,
HbnC3t1p2_B10,PNITNLCPFGEVFNATRFASVYAWNRKRISNCVADYSVLYNSASFSTFKCYGVSPTKLNDLCFTNVYADSFVIRGDEVRQIAPGQTGKIADYNYKLPDDFTGCVIAWNSNNLDSKVGGNYNYLYRLFRKSNLKPFERDISTEIYQAGSTPCNGVEGFNCYFPLQSYGFQPTNGVGYQPYRVVVLSFELLHAPATVCGPKKSTNLVKNKCVNFNFNGLTGTGVLTESNKKFLPFQQFGRDIADTTDAVRDPQTLEEVQLVESGGGLVQPGGSLRLSCAASGFIVSSNYMSWVRQAPGKGLEWVSVIYSGGSTFYADSVKGRFTISRDNSKNTLYLQMNSLRAEDTAVYYCARDYGDYFFDYWGQGTLVTVSSEIVLTQSPGTLSLSPGERATLSCRASQSVSSYLAWYQQKPGQAPRLLISGASSRAAGIPDRFSGSGSGTDFTLTINRLEPEDFAVYYCQQYGSSPRTFGQGTKLEIKARDYGDYFFDYQQYGSSPRT,1.0,,0.22,
CC12.15,PNITNLCPFGEVFNATRFASVYAWNRKRISNCVADYSVLYNSASFSTFKCYGVSPTKLNDLCFTNVYADSFVIRGDEVRQIAPGQTGKIADYNYKLPDDFTGCVIAWNSNNLDSKVGGNYNYLYRLFRKSNLKPFERDISTEIYQAGSTPCNGVEGFNCYFPLQSYGFQPTNGVGYQPYRVVVLSFELLHAPATVCGPKKSTNLVKNKCVNFNFNGLTGTGVLTESNKKFLPFQQFGRDIADTTDAVRDPQTLEEVQLVESGGGLVQPGGSLRLSCAASGFTFSTYEMNWVRQAPGKGLEWVSYISSSGSTIYYADSVKGRFTISRDNAKNSLYLQMSSLRAEDTAIYYCARDRRRRYCTNGVCYRPEEIDYWGQGTLVTVSSQAVLTQPPSVSGAPGQRVTISCTGSSSNIEAGYDVHWYQQLPGTAPKLLIYVNSNRPSGVPDRFSGSKSGTSASLAITGLQAEDEADYYCQSYDSSLSGVVFGGGTKLIVLARDRRRRYCTNGVCYRPEEIDYQSYDSSLSGVV,87.9,,0.87,
C002,PNITNLCPFGEVFNATRFASVYAWNRKRISNCVADYSVLYNSASFSTFKCYGVSPTKLNDLCFTNVYADSFVIRGDEVRQIAPGQTGKIADYNYKLPDDFTGCVIAWNSNNLDSKVGGNYNYLYRLFRKSNLKPFERDISTEIYQAGSTPCNGVEGFNCYFPLQSYGFQPTNGVGYQPYRVVVLSFELLHAPATVCGPKKSTNLVKNKCVNFNFNGLTGTGVLTESNKKFLPFQQFGRDIADTTDAVRDPQTLEEVQLVESGGGVVQPGRSLRLSCAASGFTFSIYGMHWVRQAPGKGLEWVAVISYDGSNKYYADSVKGRFTISRDNSKNTLYLQMNSLRAEDTAVYYCAKEGRPSDIVVVVAFDYWGQGTLVTVSSDIQLTQSPSSLSASVGDRVTITCRASQSISSYLNWYQQKPGKAPKLLIYAASSLQSGVPSRFSGSGSGTDFTLTISSLQPEDFATYYCQQSYSTPRTFGQGTKVEIKAKEGRPSDIVVVVAFDYQQSYSTPRT,11.0,,0.0031385000000000002,
Fab2-15,PNITNLCPFGEVFNATRFASVYAWNRKRISNCVADYSVLYNSASFSTFKCYGVSPTKLNDLCFTNVYADSFVIRGDEVRQIAPGQTGKIADYNYKLPDDFTGCVIAWNSNNLDSKVGGNYNYLYRLFRKSNLKPFERDISTEIYQAGSTPCNGVEGFNCYFPLQSYGFQPTNGVGYQPYRVVVLSFELLHAPATVCGPKKSTNLVKNKCVNFNFNGLTGTGVLTESNKKFLPFQQFGRDIADTTDAVRDPQTLEQVQLVQSGAEVKKPGASVRVSCKASGYTFTGYYMHWVRQAPGQGLEWMGWINPISDGTNYAQKFQGWVTMTRDTSISTVYMELSRLRSDDTAVYYCARGGSRCSGGNCYGWAYDAFDIWGQGTMITVSSQSALTQPASVSGSPGQSITISCTGTSSDVGGYNFVSWYQQHPGKAPKLMIYDVSKRPSGVSNRFSGSKSGNTASLTISGLQAEDEADCYCSSYTSSSTFVFGTGTKVTVLARGGSRCSGGNCYGWAYDAFDISSYTSSSTFV,0.0275,,,
REGN10934,PNITNLCPFGEVFNATRFASVYAWNRKRISNCVADYSVLYNSASFSTFKCYGVSPTKLNDLCFTNVYADSFVIRGDEVRQIAPGQTGKIADYNYKLPDDFTGCVIAWNSNNLDSKVGGNYNYLYRLFRKSNLKPFERDISTEIYQAGSTPCNGVEGFNCYFPLQSYGFQPTNGVGYQPYRVVVLSFELLHAPATVCGPKKSTNLVKNKCVNFNFNGLTGTGVLTESNKKFLPFQQFGRDIADTTDAVRDPQTLEEVQLVESGGGLVKPGGSLRLSCAASGITFSNAWMSWVRQAPGKGLEWVGRIKSKTDGGTTDYAAPVKGRFTISRDDSKNTLYLQMNSLKTEDTAVYYCTTARWDWYFDLWGRGTLVTVSSDIQMTQSPSSLSASVGDRVTITCQASQDIWNYINWYQQKPGKAPKLLIYDASNLKTGVPSRFSGSGSGTDFTFTISSLQPEDIATYYCQQHDDLPPTFGQGTKVEIKTTARWDWYFDLQQHDDLPPT,0.0371,,0.0636,
4A8,PNITNLCPFGEVFNATRFASVYAWNRKRISNCVADYSVLYNSASFSTFKCYGVSPTKLNDLCFTNVYADSFVIRGDEVRQIAPGQTGKIADYNYKLPDDFTGCVIAWNSNNLDSKVGGNYNYLYRLFRKSNLKPFERDISTEIYQAGSTPCNGVEGFNCYFPLQSYGFQPTNGVGYQPYRVVVLSFELLHAPATVCGPKKSTNLVKNKCVNFNFNGLTGTGVLTESNKKFLPFQQFGRDIADTTDAVRDPQTLEEVQLVESGAEVKKPGASVKVSCKVSGYTLTELSMHWVRQAPGKGLEWMGGFDPEDGETMYAQKFQGRVTMTEDTSTDTAYMELSSLRSEDTAVYYCATSTAVAGTPDLFDYYYGMDVWGQGTTVTVSSEIVMTQSPLSSPVTLGQPASISCRSSQSLVHSDGNTYLSWLQQRPGQPPRLLIYKISNRFSGVPDRFSGSGAGTDFTLKISRVEAEDVGVYYCTQATQFPYTFGQGTKVDIKATSTAVAGTPDLFDYYYGMDVTQATQFPYT,1.0,0.996,0.61,
MnC4t2p1_E6,PNITNLCPFGEVFNATRFASVYAWNRKRISNCVADYSVLYNSASFSTFKCYGVSPTKLNDLCFTNVYADSFVIRGDEVRQIAPGQTGKIADYNYKLPDDFTGCVIAWNSNNLDSKVGGNYNYLYRLFRKSNLKPFERDISTEIYQAGSTPCNGVEGFNCYFPLQSYGFQPTNGVGYQPYRVVVLSFELLHAPATVCGPKKSTNLVKNKCVNFNFNGLTGTGVLTESNKKFLPFQQFGRDIADTTDAVRDPQTLEEVQLVESGGHLVQPGRSLRLSCAASGFTFDDYAMHWVRQVPGKGLEWVSGISWNGGILGYADSVKGRFTISRDNAKNSLYLQMRSLRTDDTALYYCAKDLRRQDYYADWYFDLWGRGTLVTVSSDIQMTQSPSSVSASVGDRVTITCRASQGISSWLAWYQQKPGKAPKLLIYAASTLLSAVPSRFSGSGSGTDFTLTISSLQPEDFATYYCQQGNSFPFTFGPGTKVDVAKDLRRQDYYADWYFDLQQGNSFPFT,40.0,,0.03,
CV07-283,PNITNLCPFGEVFNATRFASVYAWNRKRISNCVADYSVLYNSASFSTFKCYGVSPTKLNDLCFTNVYADSFVIRGDEVRQIAPGQTGKIADYNYKLPDDFTGCVIAWNSNNLDSKVGGNYNYLYRLFRKSNLKPFERDISTEIYQAGSTPCNGVEGFNCYFPLQSYGFQPTNGVGYQPYRVVVLSFELLHAPATVCGPKKSTNLVKNKCVNFNFNGLTGTGVLTESNKKFLPFQQFGRDIADTTDAVRDPQTLEQVQLVQSGAEVKKPGASAKVSCKASGYTFTGYYIHWVRQAPGQGLEWMGLINPISGGTNYAQKFQDRVTMTRDTSISTAYMELSRLRSDDTAVYYCVRGPFYYDSSGPLGGMDVWGQGTTVTVSSQSALTQPASVSGSPGQSITISCTGTSGDVGGYNYVSWYQQHPGKAPKLMIYEVSNRPSGVSNRFSGSKSGNTASLTISGLQAEDEADYYCSSYTSSSTYVFGTGTKVTVLGQPKANPTVTLVRGPFYYDSSGPLGGMDVSSYTSSSTYV,0.0475,,0.004,
REGN10989,PNITNLCPFGEVFNATRFASVYAWNRKRISNCVADYSVLYNSASFSTFKCYGVSPTKLNDLCFTNVYADSFVIRGDEVRQIAPGQTGKIADYNYKLPDDFTGCVIAWNSNNLDSKVGGNYNYLYRLFRKSNLKPFERDISTEIYQAGSTPCNGVEGFNCYFPLQSYGFQPTNGVGYQPYRVVVLSFELLHAPATVCGPKKSTNLVKNKCVNFNFNGLTGTGVLTESNKKFLPFQQFGRDIADTTDAVRDPQTLEQVQLVQSGAEVKKPGASVKVSCKASGYIFTGYYMHWVRQAPGQGLEWMGWINPNSGGANYAQKFQGRVTLTRDTSITTVYMELSRLRFDDTAVYYCARGSRYDWNQNNWFDPWGQGTLVTVSSQSALTQPASVSGSPGQSITISCTGTSSDVGTYNYVSWYQQHPGKAPKLMIFDVSNRPSGVSDRFSGSKSGNTASLTISGLQAEDEADYYCSSFTTSSTVVFGGGTKLTVLARGSRYDWNQNNWFDPSSFTTSSTVV,0.0412,,0.0433,
FnC1t2p1_D4,PNITNLCPFGEVFNATRFASVYAWNRKRISNCVADYSVLYNSASFSTFKCYGVSPTKLNDLCFTNVYADSFVIRGDEVRQIAPGQTGKIADYNYKLPDDFTGCVIAWNSNNLDSKVGGNYNYLYRLFRKSNLKPFERDISTEIYQAGSTPCNGVEGFNCYFPLQSYGFQPTNGVGYQPYRVVVLSFELLHAPATVCGPKKSTNLVKNKCVNFNFNGLTGTGVLTESNKKFLPFQQFGRDIADTTDAVRDPQTLEQVQLVQSGSELKKPGASVKVSCKASGYTFLRFAMNWLRQAPGQGLEWMGWIDTNTGTPTYAQGFTGRFVFSLDTSVSTAYLQISSLKAEDTAVYYCARSLRGANLVPWGQGTLVTVSSDIQMTQSPSSLSASVGDRVTITCQASQDVSNYLNWYQQQPGKAPKLLIYDAFNLETGVPSRFSGSGSGTDFTFTISSLQPEDIATYYCQQYDNLPLTFGGGTKVEIKARSLRGANLVPQQYDNLPLT,0.1,,0.02,
HbnC3t1p2_C6,PNITNLCPFGEVFNATRFASVYAWNRKRISNCVADYSVLYNSASFSTFKCYGVSPTKLNDLCFTNVYADSFVIRGDEVRQIAPGQTGKIADYNYKLPDDFTGCVIAWNSNNLDSKVGGNYNYLYRLFRKSNLKPFERDISTEIYQAGSTPCNGVEGFNCYFPLQSYGFQPTNGVGYQPYRVVVLSFELLHAPATVCGPKKSTNLVKNKCVNFNFNGLTGTGVLTESNKKFLPFQQFGRDIADTTDAVRDPQTLEQMQLVQSGPEVKKPGTSVKVSCKASGFTFSSSAVQWVRQARGQRLEWIGWIVVGSGNTNYAQKFQGRVTITRDMSTRTAYMELSSLRSEDTAMYYCAAPYCSSTRCYDAFDIWGQGTMVTVSSEIVLTQSPGTLSLSPGERATLSCRASQSVSSSYLAWYQQKPGQAPRLLIYGASSRATGIPDRFSGSGSGTDFTLTISRLEPEDFAVYYCQQYGRSPWTFGQGTKVEIAAPYCSSTRCYDAFDIQQYGRSPWT,16.0,,0.04,
CC12.11,PNITNLCPFGEVFNATRFASVYAWNRKRISNCVADYSVLYNSASFSTFKCYGVSPTKLNDLCFTNVYADSFVIRGDEVRQIAPGQTGKIADYNYKLPDDFTGCVIAWNSNNLDSKVGGNYNYLYRLFRKSNLKPFERDISTEIYQAGSTPCNGVEGFNCYFPLQSYGFQPTNGVGYQPYRVVVLSFELLHAPATVCGPKKSTNLVKNKCVNFNFNGLTGTGVLTESNKKFLPFQQFGRDIADTTDAVRDPQTLEQVQLVQSGAEVKKPGASVKVSCKASGYIFSGYYTHWVRQAPGQGLEWMGWISPDSGGTNYAQKFQGRVTMTRDTSITTAYVELSGLRSDDTAVYYCARGPRYSGTYFDYWGQGTLVTVSSQSVLTQPASVSGSPGQSITISCTGTSSDVGGYNYVSWYQQHPGKVPKLMIYDVSNRPSGVSNRFSGSKSGNTASLTISGLQAEDEADYYCSSYTSSSAQLFGGGTKLTVLARGPRYSGTYFDYSSYTSSSAQL,255.0,,0.36,
MnC4t2p1_B3,PNITNLCPFGEVFNATRFASVYAWNRKRISNCVADYSVLYNSASFSTFKCYGVSPTKLNDLCFTNVYADSFVIRGDEVRQIAPGQTGKIADYNYKLPDDFTGCVIAWNSNNLDSKVGGNYNYLYRLFRKSNLKPFERDISTEIYQAGSTPCNGVEGFNCYFPLQSYGFQPTNGVGYQPYRVVVLSFELLHAPATVCGPKKSTNLVKNKCVNFNFNGLTGTGVLTESNKKFLPFQQFGRDIADTTDAVRDPQTLEEVQLVESGGHLVQPGRSLRLSCAASGFTFDDYAMHWVRQVPGKGLEWVSGISWNGGILDYADSVKGRFTISRDNAKNSLYLHMRSLRTDDTALYYCAKDLRRQDYYADWYFDLWGRGTLVTVSSDIQMIQSPSSVSASVGDRVTITCRASQGISSWLAWYQQKPGKAPKLLIYAASTLLSAVPSRFSGSGSGTDFTLTISSLQPEDFATYYCQQGNSFPFTFGPGTIVDVAKDLRRQDYYADWYFDLQQGNSFPFT,0.09,,0.06,
CV38-183,PNITNLCPFGEVFNATRFASVYAWNRKRISNCVADYSVLYNSASFSTFKCYGVSPTKLNDLCFTNVYADSFVIRGDEVRQIAPGQTGKIADYNYKLPDDFTGCVIAWNSNNLDSKVGGNYNYLYRLFRKSNLKPFERDISTEIYQAGSTPCNGVEGFNCYFPLQSYGFQPTNGVGYQPYRVVVLSFELLHAPATVCGPKKSTNLVKNKCVNFNFNGLTGTGVLTESNKKFLPFQQFGRDIADTTDAVRDPQTLEEVQLVESGGGLIQPGGSLRLSCAASGFTVSSNYMSWVRQAPGKGLEWVSVIYSGGSTYYADSVKGRFTISRDNSKNTLYLQMNSLRAEDTAVYYCARGDGWDNYYYGMDVWGQGTTVTVSSQSVLTQPPSVSGAPGQRVTISCTGSSSNIGAGYDVHWYQHLPGTAPKLLIYANSNRPSGVPDRFSGSKSGTSASLAITGLQAEDEADYYCQSYDSSLSGSVFGGGTKLTVLGQPKAAPSVTLARGDGWDNYYYGMDVQSYDSSLSGSV,0.0593,,0.0054,
CC6.29,PNITNLCPFGEVFNATRFASVYAWNRKRISNCVADYSVLYNSASFSTFKCYGVSPTKLNDLCFTNVYADSFVIRGDEVRQIAPGQTGKIADYNYKLPDDFTGCVIAWNSNNLDSKVGGNYNYLYRLFRKSNLKPFERDISTEIYQAGSTPCNGVEGFNCYFPLQSYGFQPTNGVGYQPYRVVVLSFELLHAPATVCGPKKSTNLVKNKCVNFNFNGLTGTGVLTESNKKFLPFQQFGRDIADTTDAVRDPQTLEQVQLVQSGSELKKPGASVKVSCKASGYTFATYALNWVRQAPGQGLEWMGWVNTNTGSPTYAQGFTGRFVFSFDTSVSTAYLQIRTLKAEDTAVYYCAVYYYDSGSPGWFDPWGQGTLVTVSSDIQLTQSPSSLSASVGDRVTITCRASQTASSYLNWYQQKPGKAPNLLIYAASSLQSGVPSRFSGSGSVTDFTLTISSLQPEDFATYYCQQSYSTPPTFGQGTKVDIKAVYYYDSGSPGWFDPQQSYSTPPT,1.2,,0.015,
STE73-2E9,PNITNLCPFGEVFNATRFASVYAWNRKRISNCVADYSVLYNSASFSTFKCYGVSPTKLNDLCFTNVYADSFVIRGDEVRQIAPGQTGKIADYNYKLPDDFTGCVIAWNSNNLDSKVGGNYNYLYRLFRKSNLKPFERDISTEIYQAGSTPCNGVEGFNCYFPLQSYGFQPTNGVGYQPYRVVVLSFELLHAPATVCGPKKSTNLVKNKCVNFNFNGLTGTGVLTESNKKFLPFQQFGRDIADTTDAVRDPQTLEQVQLVQSGAEVKKPGASVKVSCKASGYTFTSYGISWVRQAPGQGLEWMGWISAYNGNTNYAQKLQGRVTMTTDTSTSTAYMELRSLRSDDTAVYYCARGKFDYWGQGTLVTVSSQSVLTQPPSVSEAPSQRVTISCSGSSSNIGNNAVNWYQQLPGKAPKLLIYYDDVLPSGVSDRFSGSKSGTSASLAISGLQSGDEADYYCAAWDDSLSGVVFGGGTKLTVLARGKFDYNSRDSTNDPVL,0.925,,,3.4
CnC2t1p1_E12,PNITNLCPFGEVFNATRFASVYAWNRKRISNCVADYSVLYNSASFSTFKCYGVSPTKLNDLCFTNVYADSFVIRGDEVRQIAPGQTGKIADYNYKLPDDFTGCVIAWNSNNLDSKVGGNYNYLYRLFRKSNLKPFERDISTEIYQAGSTPCNGVEGFNCYFPLQSYGFQPTNGVGYQPYRVVVLSFELLHAPATVCGPKKSTNLVKNKCVNFNFNGLTGTGVLTESNKKFLPFQQFGRDIADTTDAVRDPQTLEEVQLVESGGGLVQPGRSLRLSCTASGFTFGDYAMSWFRQAPGKGLEWVGFIRSKAYGGTTEYAASVKGRFTISRDDSKSIVYLQMNSLKTEDTAVYYCTRVRRLWFGSYYYGMDVWGQGTTVTVSSDIVMTQSPLSLPVTPGEPASISCRSSQSLLHSNGYNYLDWYLQKPGQSPQLLIYLGSNRASGVPDRFSGSGSGTDFTLKISRVEAEDVGVYYCMQALQTPGTFGPGTKVDIKTRVRRLWFGSYYYGMDVMQALQTPGT,38.0,,0.03,
CV07-222,PNITNLCPFGEVFNATRFASVYAWNRKRISNCVADYSVLYNSASFSTFKCYGVSPTKLNDLCFTNVYADSFVIRGDEVRQIAPGQTGKIADYNYKLPDDFTGCVIAWNSNNLDSKVGGNYNYLYRLFRKSNLKPFERDISTEIYQAGSTPCNGVEGFNCYFPLQSYGFQPTNGVGYQPYRVVVLSFELLHAPATVCGPKKSTNLVKNKCVNFNFNGLTGTGVLTESNKKFLPFQQFGRDIADTTDAVRDPQTLEQVQLVQSGAEVKKPGASVKVSCKASGYTFTDYYVHWVRQAPGQGLEWMGWINPISGGTNYAQKFQGRVTMTRDTSISTAYMELSRLRSDDTAVYYCARGPYYYDSSGSLGAFDIWGQGTMVTVSSQSALTQPASVSGSPGQSITISCTGTSSDVGSYNLVSWYQQHPGKAPKLMIYEGSKRPSGVSNRFSGSKSGNTASLTISGLQAEDEAHYYCCSYAGGSTSYVFGTGTKVTVLARGPYYYDSSGSLGAFDICSYAGGSTSYV,0.00697,,0.0055,
CV-X1-126,PNITNLCPFGEVFNATRFASVYAWNRKRISNCVADYSVLYNSASFSTFKCYGVSPTKLNDLCFTNVYADSFVIRGDEVRQIAPGQTGKIADYNYKLPDDFTGCVIAWNSNNLDSKVGGNYNYLYRLFRKSNLKPFERDISTEIYQAGSTPCNGVEGFNCYFPLQSYGFQPTNGVGYQPYRVVVLSFELLHAPATVCGPKKSTNLVKNKCVNFNFNGLTGTGVLTESNKKFLPFQQFGRDIADTTDAVRDPQTLEEVQLVESGGGLVQPGGSLRLSCAASGLTVSSNYMSWVRQAPGKGLEWVSVIYSGGSTYYADSVKGRFTISRHNSKNTLYLQMNSVRAEDTAVYYCARDLSEGGMDVWGQGTTVTVSSDIQMTQSPSSVSASVGDRVTITCRASQGISSWLAWYQQKPGKAPKLLIYAASTLQSGVPSRFSGSGSGTDFTLTISSLQPEDFATYYCQQANGFPPLFGGGTKVEIKARDLSEGGMDVQQANGFPPL,0.243,,0.0055,
CV07-315,PNITNLCPFGEVFNATRFASVYAWNRKRISNCVADYSVLYNSASFSTFKCYGVSPTKLNDLCFTNVYADSFVIRGDEVRQIAPGQTGKIADYNYKLPDDFTGCVIAWNSNNLDSKVGGNYNYLYRLFRKSNLKPFERDISTEIYQAGSTPCNGVEGFNCYFPLQSYGFQPTNGVGYQPYRVVVLSFELLHAPATVCGPKKSTNLVKNKCVNFNFNGLTGTGVLTESNKKFLPFQQFGRDIADTTDAVRDPQTLEEVQLVESGGGLVQPGRSLRLSCAASGFTFDDYAMHWVRQAPGKGLEWVSGISWNSGSIGYADSVKGRFTISRDNAKNSLYLQMNSLRAEDTALYYCAKDFLWDLHPPRYYGMDVWGQGTTVTVSSQSVLTRPPSVSAAPGQKVTISCSGSSSNIGNNYVSWYQQLPGTAPKLLIYENNKRPSGIPDRFSGSKSGTSATLGITGLQTGDEADYYCGTWDSSLNGVFGGGTKLTVLGQPKAAPSVTLAKDFLWDLHPPRYYGMDVQQSYSTHA,0.0112,,0.0072,
CC12.17,PNITNLCPFGEVFNATRFASVYAWNRKRISNCVADYSVLYNSASFSTFKCYGVSPTKLNDLCFTNVYADSFVIRGDEVRQIAPGQTGKIADYNYKLPDDFTGCVIAWNSNNLDSKVGGNYNYLYRLFRKSNLKPFERDISTEIYQAGSTPCNGVEGFNCYFPLQSYGFQPTNGVGYQPYRVVVLSFELLHAPATVCGPKKSTNLVKNKCVNFNFNGLTGTGVLTESNKKFLPFQQFGRDIADTTDAVRDPQTLEEVQLVESGGGVVQPGRSLRLSCAASGFTFRNYGMHWVRQAPGKGLEGVAVISYDGSNKYYADSVKGRFTISRDNSKNTLYLQMNSLRAEDTAVYYCAKSSGSYYYYYYGMDVWGQGTTVTVSSSYELTQPPSVSVAPGKTARITCGGNNIGSKSVHWYQQKPGQAPVLVVYDDTDRPSGIPERFSGSSSGNTATLTISRVEAGDEADYYCQVWDSSSDHPVVFGGGTKLTVLAKSSGSYYYYYYGMDVQVWDSSSDHPVV,175.0,,0.02,
CV07-287,PNITNLCPFGEVFNATRFASVYAWNRKRISNCVADYSVLYNSASFSTFKCYGVSPTKLNDLCFTNVYADSFVIRGDEVRQIAPGQTGKIADYNYKLPDDFTGCVIAWNSNNLDSKVGGNYNYLYRLFRKSNLKPFERDISTEIYQAGSTPCNGVEGFNCYFPLQSYGFQPTNGVGYQPYRVVVLSFELLHAPATVCGPKKSTNLVKNKCVNFNFNGLTGTGVLTESNKKFLPFQQFGRDIADTTDAVRDPQTLEQVQLVQSGPEVKKPGTSVKVSCKASGFTFTSSAMQWVRQARGQRLEWIGWIVVGSGNTNYAQKFQERVTITRDMSTSTAYMELSSLRSEDTAVYYCAAPYCSSTNCYDAFDIWGQGTMVTVSSEIVLTQSPGTLSLSPGERATLSCRASQSVSSSYLAWYQQKPGQAPRLLIYGASSRATGIPDRFSGSGSGTDFTLTISRLEPEDFAVYYCQQYGSSPWTFGQGTKVEIKAAPYCSSTNCYDAFDIQQYGSSPWT,0.16,,0.0059,
HbnC3t1p1_G4,PNITNLCPFGEVFNATRFASVYAWNRKRISNCVADYSVLYNSASFSTFKCYGVSPTKLNDLCFTNVYADSFVIRGDEVRQIAPGQTGKIADYNYKLPDDFTGCVIAWNSNNLDSKVGGNYNYLYRLFRKSNLKPFERDISTEIYQAGSTPCNGVEGFNCYFPLQSYGFQPTNGVGYQPYRVVVLSFELLHAPATVCGPKKSTNLVKNKCVNFNFNGLTGTGVLTESNKKFLPFQQFGRDIADTTDAVRDPQTLEEVQLVESGGGLVQPGGSLRLSCAASGFTVSSNYMSWVRQAPGKGLEWVSVIYSGGSTFYADSVKGRFTISRDNSKNTLYLQMNSLRAEDTAVYYCARDFGDFFFDYWGQGTLVTVSSEIVLTQSPGTLSLSPGERATLSCRASQSVSSYLAWYQQKPGQAPRLLIYGVSSRATGIPDRFSGSGSGTDFTLTISRLEPEDFAVYYCQQYGSSPRTFGQGTKVEIKARDFGDFFFDYQQYGSSPRT,1.5,,0.02,
MnC4t2p1_D10,PNITNLCPFGEVFNATRFASVYAWNRKRISNCVADYSVLYNSASFSTFKCYGVSPTKLNDLCFTNVYADSFVIRGDEVRQIAPGQTGKIADYNYKLPDDFTGCVIAWNSNNLDSKVGGNYNYLYRLFRKSNLKPFERDISTEIYQAGSTPCNGVEGFNCYFPLQSYGFQPTNGVGYQPYRVVVLSFELLHAPATVCGPKKSTNLVKNKCVNFNFNGLTGTGVLTESNKKFLPFQQFGRDIADTTDAVRDPQTLEQLQVQESGPGLVKPSETLSLTCTVSGASISSNHYFWGWIRQPPGKGLAWIGSMHYSGSTYYNPSLKSRVTISVDTSKNQLSLKLSSVTAADTAVYYCARGVNYYDRNGYYRNDGFDIRGQGTMVTVSSDIQMTQSPSSLSASVGDRVTITCRASQGIRNDLGWYEQKPGKAPKRLIYAASSLESGVPSRFSGSGSGTEFTLTISSLQPEDFATYYCLQHNTYPFTFGPGTRVDIKARGVNYYDRNGYYRNDGFDILQHNTYPFT,440.0,,0.18,
HbnC3t1p1_C6,PNITNLCPFGEVFNATRFASVYAWNRKRISNCVADYSVLYNSASFSTFKCYGVSPTKLNDLCFTNVYADSFVIRGDEVRQIAPGQTGKIADYNYKLPDDFTGCVIAWNSNNLDSKVGGNYNYLYRLFRKSNLKPFERDISTEIYQAGSTPCNGVEGFNCYFPLQSYGFQPTNGVGYQPYRVVVLSFELLHAPATVCGPKKSTNLVKNKCVNFNFNGLTGTGVLTESNKKFLPFQQFGRDIADTTDAVRDPQTLEQMQLVQSGPEVKKPGTSVKVSCKASGFTFTSSAVQWVRQARGQRLEWIGWIVVGSGNTNYAQKFQERVTITRDMSTSTAYMELSSLRSEDTAVYYCAAPHCSSTICYDGFDIWGQGTMVTVSSEIVLTQSPGTLSLSPGERATLSCRASQSVSSSYLAWYQQKPGQAPRLLIYGASSRATGIPDRFSGSGSGTDFTLTISRVEPEDFAVYYCQQYGSSPWTFGQGTKVEIKAAPHCSSTICYDGFDIQQYGSSPWT,0.19,,0.06,
CC12.19,PNITNLCPFGEVFNATRFASVYAWNRKRISNCVADYSVLYNSASFSTFKCYGVSPTKLNDLCFTNVYADSFVIRGDEVRQIAPGQTGKIADYNYKLPDDFTGCVIAWNSNNLDSKVGGNYNYLYRLFRKSNLKPFERDISTEIYQAGSTPCNGVEGFNCYFPLQSYGFQPTNGVGYQPYRVVVLSFELLHAPATVCGPKKSTNLVKNKCVNFNFNGLTGTGVLTESNKKFLPFQQFGRDIADTTDAVRDPQTLEEVQLLESGGGLVQPGGSLRLSCAASGFTFSSYAMSWVRQAPGKGLEWVSAISGSGGSTYYADSVKGRFTISRDNSKNTLYLQMNSLRAEDTAVYYCAKGSGSGSYPNYYYYYGMDVWGQGTTVTVSSSYELTQSPSVSVAPGQTARITCGGNNIGSKSVHWYQRKPGQAPVLVVYDDSDRPSGIPERFSGSNSGNTATLTISRVEAGDEADYYCQVWDNNSDHLVFGGGTKLTVLAKGSGSGSYPNYYYYYGMDVQVWDNNSDHLV,26.0,,0.012,
Regdanivimab,PNITNLCPFGEVFNATRFASVYAWNRKRISNCVADYSVLYNSASFSTFKCYGVSPTKLNDLCFTNVYADSFVIRGDEVRQIAPGQTGKIADYNYKLPDDFTGCVIAWNSNNLDSKVGGNYNYLYRLFRKSNLKPFERDISTEIYQAGSTPCNGVEGFNCYFPLQSYGFQPTNGVGYQPYRVVVLSFELLHAPATVCGPKKSTNLVKNKCVNFNFNGLTGTGVLTESNKKFLPFQQFGRDIADTTDAVRDPQTLEQITLKESGPTLVKPTQTLTLTCSFSGFSLSTSGVGVGWIRQPPGKALEWLALIDWDDNKYHTTSLKTRLTISKDTSKNQVVLTMTNMDPVDTATYYCARIPGFLRYRNRYYYYGMDVWGQGTTVTVSSELVLTQPPSVSAAPGQKVTISCSGSSSNIGNNYVSWYQQLPGTAPKLLIYDNNKRPSGIPDRFSGSKSGTSATLGITGLQTGDEADYYCGTWDSSLSAGVFGGGTELTVLARIPGFLRYRNRYYYYGMDVGTWDSSLSAGV,0.027,0.251,,
CV07-250,PNITNLCPFGEVFNATRFASVYAWNRKRISNCVADYSVLYNSASFSTFKCYGVSPTKLNDLCFTNVYADSFVIRGDEVRQIAPGQTGKIADYNYKLPDDFTGCVIAWNSNNLDSKVGGNYNYLYRLFRKSNLKPFERDISTEIYQAGSTPCNGVEGFNCYFPLQSYGFQPTNGVGYQPYRVVVLSFELLHAPATVCGPKKSTNLVKNKCVNFNFNGLTGTGVLTESNKKFLPFQQFGRDIADTTDAVRDPQTLEQVQLVQSEAEVKEPGASVEVSCKASGYNFTNFAISWVRQAPGQGLEWMGWISGYNGDTNSAQKFLGRVTMTTDTSTTTAYMELRSLRSDDTAVYYCAGSDNYGFPYNGMDVWGQGTTVTVFNQSALTQPPSASGSPGQSVTISCTGTSSDLGAYHFVTWYQHYPGKAPKVMIYGVRKRPSGVPDRFSGSKSGNTASLTVSGLQDEDEADYYCSSYAGNNDFVFGGGTKLTVLAGSDNYGFPYNGMDVSSYAGNNDFV,0.0564,,0.0087,
MnC4t2p1_F5,PNITNLCPFGEVFNATRFASVYAWNRKRISNCVADYSVLYNSASFSTFKCYGVSPTKLNDLCFTNVYADSFVIRGDEVRQIAPGQTGKIADYNYKLPDDFTGCVIAWNSNNLDSKVGGNYNYLYRLFRKSNLKPFERDISTEIYQAGSTPCNGVEGFNCYFPLQSYGFQPTNGVGYQPYRVVVLSFELLHAPATVCGPKKSTNLVKNKCVNFNFNGLTGTGVLTESNKKFLPFQQFGRDIADTTDAVRDPQTLEQLQVQESGPGLVKPSETLSLTCTVSGASISSNHYFWGWIRQPPGKGLAWIGSMHYSGSTYYNPSLKSRVTISVDTSKNQLSLKLSSVTAADTAVYYCARGVNYYDRNGYYRNDGFDIRGQGTMVTVSSDIQMTQSPSSLSASVGDRVTITCRASQGIRNDLGWYEQKPGKAPKRLIYAASSLESGVPSRFSGSGSGTEFTLTISSLQPEDFATYYCLQHNTYPFTFGPGTRVDIKARGVNYYDRNGYYRNDGFDILQHNTYPFT,89.0,,0.07,
C102,PNITNLCPFGEVFNATRFASVYAWNRKRISNCVADYSVLYNSASFSTFKCYGVSPTKLNDLCFTNVYADSFVIRGDEVRQIAPGQTGKIADYNYKLPDDFTGCVIAWNSNNLDSKVGGNYNYLYRLFRKSNLKPFERDISTEIYQAGSTPCNGVEGFNCYFPLQSYGFQPTNGVGYQPYRVVVLSFELLHAPATVCGPKKSTNLVKNKCVNFNFNGLTGTGVLTESNKKFLPFQQFGRDIADTTDAVRDPQTLEQVQLVESGGGLIQPGGSLRLSCAASGFIVSSNYMSWVRQAPGKGLEWVSVIYSGGSTFYADSVKGRFTISRDNSKNTLYLQMNSLRAEDTAVYYCARDYGDYYFDYWGQGTLVTVSSEIVLTQSPGTLSLSPGERATLSCRASQSVSSSYLAWYQQKPGQAPRLLIYGASSRATGIPDRFSGSGSGTDFTLTISRLEPEDFAVYYCQQYGSSPRTFGQGTKVEIKARDYGDYYFDYQQYGSSPRT,27.0,,0.0045415,
4A3,PNITNLCPFGEVFNATRFASVYAWNRKRISNCVADYSVLYNSASFSTFKCYGVSPTKLNDLCFTNVYADSFVIRGDEVRQIAPGQTGKIADYNYKLPDDFTGCVIAWNSNNLDSKVGGNYNYLYRLFRKSNLKPFERDISTEIYQAGSTPCNGVEGFNCYFPLQSYGFQPTNGVGYQPYRVVVLSFELLHAPATVCGPKKSTNLVKNKCVNFNFNGLTGTGVLTESNKKFLPFQQFGRDIADTTDAVRDPQTLEEVQLLESGGGLVQPGGSLRLSCAASGFTFSSYAMSWVRQAPGKGLEWVSSIASSGYYTDYADSVKGRFTISRDNSKNTLYLQMNSLRAEDTAVYYCAKDADSFDYWGQGTLVTVSSDIQMTQSPSSLSASVGDRVTITCRASQSISSYLNWYQQKPGKAPKLLIYAASYLQSGVPSRFSGSGSGTDFTLTISSLQPEDFATYYCQQAYSAPSTFGQGTKVEIKAKDADSFDYQQAYSAPST,3.62,3.62,,
CnC2t1p1_E8,PNITNLCPFGEVFNATRFASVYAWNRKRISNCVADYSVLYNSASFSTFKCYGVSPTKLNDLCFTNVYADSFVIRGDEVRQIAPGQTGKIADYNYKLPDDFTGCVIAWNSNNLDSKVGGNYNYLYRLFRKSNLKPFERDISTEIYQAGSTPCNGVEGFNCYFPLQSYGFQPTNGVGYQPYRVVVLSFELLHAPATVCGPKKSTNLVKNKCVNFNFNGLTGTGVLTESNKKFLPFQQFGRDIADTTDAVRDPQTLEQVQLVQSGAEVKNPGASVKVSCKASGYIFTNYYIHWVRQAPGQGLEWVGWIHSLSGGTSYAQKFQGRVTLTRDASIRTAYMELSRLGSDDTALYYCARASVSTITDFDYWGQGTLVAVSSQSALTQPASVSGSPGQSITISCTGTSGDVGSYNLVSWYQQHPGKAPKLVIYEATKRPSGVSNRFFASKSGNTASLTISGLQAEDEADYYCCSYAGVRTVVFGGGTKLTVLARASVSTITDFDYCSYAGVRTVV,3.2,,0.13,
CV38-142,PNITNLCPFGEVFNATRFASVYAWNRKRISNCVADYSVLYNSASFSTFKCYGVSPTKLNDLCFTNVYADSFVIRGDEVRQIAPGQTGKIADYNYKLPDDFTGCVIAWNSNNLDSKVGGNYNYLYRLFRKSNLKPFERDISTEIYQAGSTPCNGVEGFNCYFPLQSYGFQPTNGVGYQPYRVVVLSFELLHAPATVCGPKKSTNLVKNKCVNFNFNGLTGTGVLTESNKKFLPFQQFGRDIADTTDAVRDPQTLEEVQLVQSGAEVKKPGESLKISCQGSGYSFTSYWIGWVRQMPGKGLEWMGIIYPGESDTRYSSSFQGHVTISADKSISTAYLQWSSLKASDTAMYYCARIRGVYSSGWIGGDYWGQGTLVTVSSDIQMTQSPSSLSASVGDRVTITCRASQSISSYLNWYQQKPGKAPKLLIYAASSLQSGVPSRFSGSGSGTDFTLTISSLQPEDFATYYCQQSYSTPRQWTFGQGTKVEIKARIRGVYSSGWIGGDYQQSYSTPRQWT,1.05,29.2,0.0056,
C119,PNITNLCPFGEVFNATRFASVYAWNRKRISNCVADYSVLYNSASFSTFKCYGVSPTKLNDLCFTNVYADSFVIRGDEVRQIAPGQTGKIADYNYKLPDDFTGCVIAWNSNNLDSKVGGNYNYLYRLFRKSNLKPFERDISTEIYQAGSTPCNGVEGFNCYFPLQSYGFQPTNGVGYQPYRVVVLSFELLHAPATVCGPKKSTNLVKNKCVNFNFNGLTGTGVLTESNKKFLPFQQFGRDIADTTDAVRDPQTLEQVQLVQSGAEVKKPGASVKVSCKASGYTFTSYYMHWVRQAPGQGLEWMGIINPSGGSTSYAQKLQGRVTMTRDTSTSTVYMELSSLRSEDTAVYYCARANHETTMDTYYYYYYMDVWGKGTTVTVSSQSALTQPASVSGSPGQSITISCTGTSSDVGGYKYVSWYQRHPGKAPKLMIYDVSNRPSGVSNRFSGSKSGNTASLTISGLQAEDEADYYCSSYTSSSTSVVFGGGTQLTVLARANHETTMDTYYYYYYMDVSSYTSSSTSVV,10.0,,0.003573,
MnC4t2p2_A4,PNITNLCPFGEVFNATRFASVYAWNRKRISNCVADYSVLYNSASFSTFKCYGVSPTKLNDLCFTNVYADSFVIRGDEVRQIAPGQTGKIADYNYKLPDDFTGCVIAWNSNNLDSKVGGNYNYLYRLFRKSNLKPFERDISTEIYQAGSTPCNGVEGFNCYFPLQSYGFQPTNGVGYQPYRVVVLSFELLHAPATVCGPKKSTNLVKNKCVNFNFNGLTGTGVLTESNKKFLPFQQFGRDIADTTDAVRDPQTLEQVQLVQSGSELKKPGASVKISCKASGYIFINYAMNWVRQAPGQGLEWMGWINTNTGNPTYAQDFTGRFVFSLDTSLSTAYLQISSLEAEDTAVYYCAKIGSRNSLGVWGQGTLVTVSAEIVLTQSPGTLSLSPGERATLSCRASHSVDRSYLAWYQQKPGLAPRLLIYGASSRATGIPDRFSGSGSGTDFTLTISRLEPEDFALYYCQHFGTSSVTFGRGTRLEIKAKIGSRNSLGVQHFGTSSVT,14.0,,0.02,
C110,PNITNLCPFGEVFNATRFASVYAWNRKRISNCVADYSVLYNSASFSTFKCYGVSPTKLNDLCFTNVYADSFVIRGDEVRQIAPGQTGKIADYNYKLPDDFTGCVIAWNSNNLDSKVGGNYNYLYRLFRKSNLKPFERDISTEIYQAGSTPCNGVEGFNCYFPLQSYGFQPTNGVGYQPYRVVVLSFELLHAPATVCGPKKSTNLVKNKCVNFNFNGLTGTGVLTESNKKFLPFQQFGRDIADTTDAVRDPQTLEQVQLQQSGAEVKKPGESLKISCKGSGYSFTSYWIGWVRQMPGKGLEWMGIIYPGDSDTRYSPSFQGQVTISADKSISTAYMQWSSLKASDTAMYYCARSFRDDPRIAVAGPADAFDIWGQGTMVTVSSDIQMTQSPSTLSASVGDRVTITCRASQSISYWLAWYQQKPGKAPKLLIYQASSLESGVPSRFSGSESGTEFTLTISSLQPDDFATYYCQQYNSYPYTFGQGTKLEIKARSFRDDPRIAVAGPADAFDIQQYNSYPYT,0.156,,0.0072889999999999995,
DK5,PNITNLCPFGEVFNATRFASVYAWNRKRISNCVADYSVLYNSASFSTFKCYGVSPTKLNDLCFTNVYADSFVIRGDEVRQIAPGQTGKIADYNYKLPDDFTGCVIAWNSNNLDSKVGGNYNYLYRLFRKSNLKPFERDISTEIYQAGSTPCNGVEGFNCYFPLQSYGFQPTNGVGYQPYRVVVLSFELLHAPATVCGPKKSTNLVKNKCVNFNFNGLTGTGVLTESNKKFLPFQQFGRDIADTTDAVRDPQTLEQVQLQQPGAELVKPGASVKMSCKASGYTFTSYSMHWVEKQTPGQGLEWIGAIYPGNGDTSYNQKFKGKATLTADKSSSTAYMQLSSLTSEDSAVYYCARDYHYDGYYVTLDYWGQGTTLTVSSDIQMTQSPSSLSASLGERVSLTCRASQEISGYLSWLQQKPDGTIKRLIYAASTLDSGVPKRFESGSRSGSDYSLTISSLESEDFADYYCLQYASYPWTFGGGTKLEIKARDYHYDGYYVTLDYLQYASYPWT,0.26,,0.188,
32C7_Fab30,PNITNLCPFGEVFNATRFASVYAWNRKRISNCVADYSVLYNSASFSTFKCYGVSPTKLNDLCFTNVYADSFVIRGDEVRQIAPGQTGKIADYNYKLPDDFTGCVIAWNSNNLDSKVGGNYNYLYRLFRKSNLKPFERDISTEIYQAGSTPCNGVEGFNCYFPLQSYGFQPTNGVGYQPYRVVVLSFELLHAPATVCGPKKSTNLVKNKCVNFNFNGLTGTGVLTESNKKFLPFQQFGRDIADTTDAVRDPQTLEEVQLVESGGGVVQPGRSLRLSCAASGFTFSSYPMHWVRQAPGKGLEWVAVISYDGSNKYYADSVKGRFTISRDNSKNTLYLQMNSLRAEDTAVYYCARDTEDCSSTTCYVDYWGQGTLVTVSSDIVMTQSPDSLAVSLGERATINCKSSQSVLYRSNNKNYLAWYQQKPGQPPKLLIYWASTRESGVPDRFSGSGSGTDFTLTISSLQAEDVAVYYCHQYYSTPFTFGGGTKVDIKARDTEDCSSTTCYVDYHQYYSTPFT,10.9,,0.1038,
CV05-163,PNITNLCPFGEVFNATRFASVYAWNRKRISNCVADYSVLYNSASFSTFKCYGVSPTKLNDLCFTNVYADSFVIRGDEVRQIAPGQTGKIADYNYKLPDDFTGCVIAWNSNNLDSKVGGNYNYLYRLFRKSNLKPFERDISTEIYQAGSTPCNGVEGFNCYFPLQSYGFQPTNGVGYQPYRVVVLSFELLHAPATVCGPKKSTNLVKNKCVNFNFNGLTGTGVLTESNKKFLPFQQFGRDIADTTDAVRDPQTLEQVQLVQSGAEVKKPGASVKVSCKASGYTFTGYYMHWVRQAPGQGLEWMGWINPNSGGTNYAQKFQGRVTMTRDTSISTAYMELSRLRSDDTAVYYCAREVMVRGALPPYGMDVWGQGTTVTVSSEIVLTQSPATLSLSPGERATLSCRASQSVSSYLAWYQQKPGQAPRLLIYDASNRATGIPARFSGSGSGTDFTLTISSLEPEDFAVYYCQQRSNWPPVTFGGGTKVEIKAREVMVRGALPPYGMDVQQRSNWPPVT,0.349,45.3,0.0038,
C144,PNITNLCPFGEVFNATRFASVYAWNRKRISNCVADYSVLYNSASFSTFKCYGVSPTKLNDLCFTNVYADSFVIRGDEVRQIAPGQTGKIADYNYKLPDDFTGCVIAWNSNNLDSKVGGNYNYLYRLFRKSNLKPFERDISTEIYQAGSTPCNGVEGFNCYFPLQSYGFQPTNGVGYQPYRVVVLSFELLHAPATVCGPKKSTNLVKNKCVNFNFNGLTGTGVLTESNKKFLPFQQFGRDIADTTDAVRDPQTLEEVQLVESGGGLIQPGGSLRLSCAASGFTVSNNYMSWVRQAPGKGLEWVSVIYSGGSTYYADSVKGRFTISRDKSKNTLYLQMNRLRAEDTAVYYCAREGEVEGYNDFWSGYSRDRYYFDYWGQGTLVTVSSQSALTQPASVSGSPGQSITISCTGTSSDVGGYNYVSWYQQHPGKAPKLMIYDVSNRPSGVSNRFSGSKSGNTASLTISGLQAEDEADYYCSSYTSSSTRVFGTGTKVTVLAREGEVEGYNDFWSGYSRDRYYFDYSSYTSSSTRV,0.563,,0.0032355,
DK15,PNITNLCPFGEVFNATRFASVYAWNRKRISNCVADYSVLYNSASFSTFKCYGVSPTKLNDLCFTNVYADSFVIRGDEVRQIAPGQTGKIADYNYKLPDDFTGCVIAWNSNNLDSKVGGNYNYLYRLFRKSNLKPFERDISTEIYQAGSTPCNGVEGFNCYFPLQSYGFQPTNGVGYQPYRVVVLSFELLHAPATVCGPKKSTNLVKNKCVNFNFNGLTGTGVLTESNKKFLPFQQFGRDIADTTDAVRDPQTLEQVQLQQPGAEFVMPGASVKMSCKASGYTFTDYWMHWVKQRPGQGLEWIGAIDTSDTYTRYNQKFKDKATLTVDESSSTAYMQLSSLTSEDSAVYYCARFLYYYGNPTFDYWGQGTTLTVSSDVQITQSPSYLAASPGETITINCRASKSISKYLAWYQEKPGKTNKLLIYSGSTLQSGIPSRFSGSGSGTDFTLTISSLEPEDFAMYYCQQHNEYPLTFGAGTKLELKARFLYYYGNPTFDYQQHNEYPLT,77.0,,0.127,
S304,PNITNLCPFGEVFNATRFASVYAWNRKRISNCVADYSVLYNSASFSTFKCYGVSPTKLNDLCFTNVYADSFVIRGDEVRQIAPGQTGKIADYNYKLPDDFTGCVIAWNSNNLDSKVGGNYNYLYRLFRKSNLKPFERDISTEIYQAGSTPCNGVEGFNCYFPLQSYGFQPTNGVGYQPYRVVVLSFELLHAPATVCGPKKSTNLVKNKCVNFNFNGLTGTGVLTESNKKFLPFQQFGRDIADTTDAVRDPQTLEVQLVESGGGLVQPGGSLRLSCAASGFTFSSYDMHWVRQTTGKGLEWVSTIGTAGDTYYPDSVKGRFTISREDAKNSLYLQMNSLRAGDTAVYYCARGDSSGYYYYFDYWGQGTLLTVSSDIEMTQSPSSLSAAVGDRVTITCRASQSIGSYLNWYQQKPGKAPKLLIYAASSLQSGVPSRFSGSGSGTDFTLTISSLQPEDFAIYYCQQSYVSPTYTFGPGTKVDIKARGDSSGYYYYFDYQQSYVSPTYT,0.0941,4.58,,
DK10,PNITNLCPFGEVFNATRFASVYAWNRKRISNCVADYSVLYNSASFSTFKCYGVSPTKLNDLCFTNVYADSFVIRGDEVRQIAPGQTGKIADYNYKLPDDFTGCVIAWNSNNLDSKVGGNYNYLYRLFRKSNLKPFERDISTEIYQAGSTPCNGVEGFNCYFPLQSYGFQPTNGVGYQPYRVVVLSFELLHAPATVCGPKKSTNLVKNKCVNFNFNGLTGTGVLTESNKKFLPFQQFGRDIADTTDAVRDPQTLEQVQLQQPGAELVKPGASVKMSCKASGYTFTSYSMHWVKQTPGQGLEWIGAIYPGNGDTSYTQKEKGKATLTADKSSSTAYMQLNSLTSEDSAVYYCARDYHYDGYYVILDYWGQGTTLTVSSDIQMTQSPSSLSASLGERVSLTCRASQEISGYLSWLQQKPDGTIKRLIYAASTLDSGVPKRFSGSRSGSDYSLTISSLESEDFADYYCLQYASYPWTFGGGTKLEIKARDYHYDGYYVILDYLQYASYPWT,31.2,,0.092,
DK11,PNITNLCPFGEVFNATRFASVYAWNRKRISNCVADYSVLYNSASFSTFKCYGVSPTKLNDLCFTNVYADSFVIRGDEVRQIAPGQTGKIADYNYKLPDDFTGCVIAWNSNNLDSKVGGNYNYLYRLFRKSNLKPFERDISTEIYQAGSTPCNGVEGFNCYFPLQSYGFQPTNGVGYQPYRVVVLSFELLHAPATVCGPKKSTNLVKNKCVNFNFNGLTGTGVLTESNKKFLPFQQFGRDIADTTDAVRDPQTLEEVQLQQSGPELVKPGASVKISCKASGYSFTGYFMNWVKQSHGKSLEWIGRINPYNGDTFYNQKFKGKATLTVDKSSSTAHMELLSLTSEDSAVYYCGRGYLDYWGQGTTLTVSSDIVMTQSHKFMSTSVGDRVSITCKASQDVSTAVAWYQQKPGQSPKLLIFSASYRYTGVPDRFTGSGSGTDFTFTISSVQAEDLAVYYCQEHYSNPYTFGGGTKLEIKGRGYLDYQEHYSNPYT,5.6,,0.086,
CC12.10,PNITNLCPFGEVFNATRFASVYAWNRKRISNCVADYSVLYNSASFSTFKCYGVSPTKLNDLCFTNVYADSFVIRGDEVRQIAPGQTGKIADYNYKLPDDFTGCVIAWNSNNLDSKVGGNYNYLYRLFRKSNLKPFERDISTEIYQAGSTPCNGVEGFNCYFPLQSYGFQPTNGVGYQPYRVVVLSFELLHAPATVCGPKKSTNLVKNKCVNFNFNGLTGTGVLTESNKKFLPFQQFGRDIADTTDAVRDPQTLEQVQLVQSGAEVKKPGASVKVSCKASGYIYSGYFMHWVRQAPGQGLEWMGWISPDSGGANYAQTFQGRVTMTRDTSTTTAHMELSRLRSDDTAVYYCARGPRYSGTHFDYWGQGTLVTVSSQSALTQPASVSGSPGQSLTISCTGTSSDVGGYNYVSWYQQHPDKAPKLMIYDVNNRPSGVSNRFSGSKSGSTASLTISGLQAEDEADYYCSSYAGSSTQVFGGGTKLTVLARGPRYSGTHFDYSSYAGSSTQV,0.349,,0.013,
4B7,PNITNLCPFGEVFNATRFASVYAWNRKRISNCVADYSVLYNSASFSTFKCYGVSPTKLNDLCFTNVYADSFVIRGDEVRQIAPGQTGKIADYNYKLPDDFTGCVIAWNSNNLDSKVGGNYNYLYRLFRKSNLKPFERDISTEIYQAGSTPCNGVEGFNCYFPLQSYGFQPTNGVGYQPYRVVVLSFELLHAPATVCGPKKSTNLVKNKCVNFNFNGLTGTGVLTESNKKFLPFQQFGRDIADTTDAVRDPQTLEEVQLVESGGGLVQPGGSLRLSCAASGFPFSSYAMSWVRQAPGKGLEWVSAITGSGGSTYYADSVKGRFTISRDNSKNTLYLHMNSLRAEDTAVYYCAKDDYGDYVLGAFDIWGQGTTVTVSSQSALTQPASVSGSPGQSITISCTGTSSDVGTYKFVSWYQQHPGKAPKLMIYEGSKRPSGVSNRFSGSKSGNTASLTISGLQAEDEADYYCCSYAGSSTLVFGGGTKLTVLAKDDYGDYVLGAFDICSYAGSSTLV,0.217,,0.001808,
DK12,PNITNLCPFGEVFNATRFASVYAWNRKRISNCVADYSVLYNSASFSTFKCYGVSPTKLNDLCFTNVYADSFVIRGDEVRQIAPGQTGKIADYNYKLPDDFTGCVIAWNSNNLDSKVGGNYNYLYRLFRKSNLKPFERDISTEIYQAGSTPCNGVEGFNCYFPLQSYGFQPTNGVGYQPYRVVVLSFELLHAPATVCGPKKSTNLVKNKCVNFNFNGLTGTGVLTESNKKFLPFQQFGRDIADTTDAVRDPQTLEEVMLVESGGGLVKPGGSLKLSCAASGFMFSRYAMSWVRQTPEKRLEWVATISSGGSYTYYPDSVKGRFTMSRDNAKNTLYLQMSSLRSEDTAMYNCARHDGNYVDYAMDYWGQGTSVTVSSQIVLTQSPAIMSASLGEEITLTCSASSSVSHMHWYQQKSGTSPKLLIYSTFNLASGVPSRFSGSGSGTFYSLTISSVEAEDAADYYCHQWSSWTFGGGTKLEIKARHDGNYVDYAMDYHQWSSWT,18.56,,0.107,
CC12.1,PNITNLCPFGEVFNATRFASVYAWNRKRISNCVADYSVLYNSASFSTFKCYGVSPTKLNDLCFTNVYADSFVIRGDEVRQIAPGQTGKIADYNYKLPDDFTGCVIAWNSNNLDSKVGGNYNYLYRLFRKSNLKPFERDISTEIYQAGSTPCNGVEGFNCYFPLQSYGFQPTNGVGYQPYRVVVLSFELLHAPATVCGPKKSTNLVKNKCVNFNFNGLTGTGVLTESNKKFLPFQQFGRDIADTTDAVRDPQTLEEVQLVESGGGLIQPGGSLRLSCAASGLTVSSNYMSWVRQAPGKGLEWVSVIYSGGSTFYADSVKGRFTISRDNSKNTLYLQMNSLRAEDTAVYYCARDLDVYGLDVWGQGTTVTVSSDIVMTQSPSFLSASVGDRVTITCRASQGISSYLAWYQQKPGKAPKLLIYAASTLQSGVPSRFSGSGSGTEFTLTISSLQPEDFATYYCQQLNSYPPKFTFGPGTKVEIKARDLDVYGLDVQQLNSYPPKFT,0.349,17.0,0.017,
DK7,PNITNLCPFGEVFNATRFASVYAWNRKRISNCVADYSVLYNSASFSTFKCYGVSPTKLNDLCFTNVYADSFVIRGDEVRQIAPGQTGKIADYNYKLPDDFTGCVIAWNSNNLDSKVGGNYNYLYRLFRKSNLKPFERDISTEIYQAGSTPCNGVEGFNCYFPLQSYGFQPTNGVGYQPYRVVVLSFELLHAPATVCGPKKSTNLVKNKCVNFNFNGLTGTGVLTESNKKFLPFQQFGRDIADTTDAVRDPQTLEQVQLQQPGAELVKPGASVKMSCKASGYTFTSYSMHWVKQTPGQGLEWIGAIYPGNGDTSYNQKFKGKATLTADKSSSTAYMQLSSLTSEDSAVYYCARDYHYDGYYVILDYWGQGTTLTVSSDIQMTQSPSSLSASLGERVSLTCRASQEISGYLSWLQQKPDGTIKRLIYAASTLDSGVPKRFSGSRSGSDYSLTISSLESEDFADYYCLQYASYPWTFGGGTKLEIKARDYHYDGYYVILDYLQYASYPWT,1.24,,0.095,
Casirivimab,PNITNLCPFGEVFNATRFASVYAWNRKRISNCVADYSVLYNSASFSTFKCYGVSPTKLNDLCFTNVYADSFVIRGDEVRQIAPGQTGKIADYNYKLPDDFTGCVIAWNSNNLDSKVGGNYNYLYRLFRKSNLKPFERDISTEIYQAGSTPCNGVEGFNCYFPLQSYGFQPTNGVGYQPYRVVVLSFELLHAPATVCGPKKSTNLVKNKCVNFNFNGLTGTGVLTESNKKFLPFQQFGRDIADTTDAVRDPQTLEQVQLVESGGGLVKPGGSLRLSCAASGFTFSDYYMSWIRQAPGKGLEWVSYITYSGSTIYYADSVKGRFTISRDNAKSSLYLQMNSLRAEDTAVYYCARDRGTTMVPFDYWGQGTLVTVSSDIQMTQSPSSLSASVGDRVTITCQASQDITNYLNWYQQKPGKAPKLLIYAASNLETGVPSRFSGSGSGTDFTFTISGLQPEDIATYYCQQYDNLPLTFGGGTKVEIKARDRGTTMVPFDYQQYDNLPLT,0.0417,,0.0693,
S309,PNITNLCPFGEVFNATRFASVYAWNRKRISNCVADYSVLYNSASFSTFKCYGVSPTKLNDLCFTNVYADSFVIRGDEVRQIAPGQTGKIADYNYKLPDDFTGCVIAWNSNNLDSKVGGNYNYLYRLFRKSNLKPFERDISTEIYQAGSTPCNGVEGFNCYFPLQSYGFQPTNGVGYQPYRVVVLSFELLHAPATVCGPKKSTNLVKNKCVNFNFNGLTGTGVLTESNKKFLPFQQFGRDIADTTDAVRDPQTLEQVQLVQSGAEVKKPGASVKVSCKASGYPFTSYGISWVRQAPGQGLEWMGWISTYNGNTNYAQKFQGRVTMTTDTSTTTGYMELRRLRSDDTAVYYCARDYTRGAWFGESLIGGFDNWGQGTLVTVSSEIVLTQSPGTLSLSPGERATLSCRASQTVSSTSLAWYQQKPGQAPRLLIYGASSRATGIPDRFSGSGSGTDFTLTISRLEPEDFAVYYCQQHDTSLTFGGGTKVEIKARDYTRGAWFGESLIGGFDNQQHDTSLT,0.02,0.001,,
CR3022,PNITNLCPFGEVFNATRFASVYAWNRKRISNCVADYSVLYNSASFSTFKCYGVSPTKLNDLCFTNVYADSFVIRGDEVRQIAPGQTGKIADYNYKLPDDFTGCVIAWNSNNLDSKVGGNYNYLYRLFRKSNLKPFERDISTEIYQAGSTPCNGVEGFNCYFPLQSYGFQPTNGVGYQPYRVVVLSFELLHAPATVCGPKKSTNLVKNKCVNFNFNGLTGTGVLTESNKKFLPFQQFGRDIADTTDAVRDPQTLEQMQLVQSGTEVKKPGESLKISCKGSGYGFITYWIGWVRQMPGKGLEWMGIIYPGDSETRYSPSFQGQVTISADKSINTAYLQWSSLKASDTAIYYCAGGSGISTPMDVWGQGTTVTVSSDIQLTQSPDSLAVSLGERATINCKSSQSVLYSSINKNYLAWYQQKPGQPPKLLIYWASTRESGVPDRFSGSGSGTDFTLTISSLQAEDVAVYYCQQYYSTPYTFGQGTKVEIKAGGSGISTPMDVQQYYSTPYT,0.349,115.0,,
C121,PNITNLCPFGEVFNATRFASVYAWNRKRISNCVADYSVLYNSASFSTFKCYGVSPTKLNDLCFTNVYADSFVIRGDEVRQIAPGQTGKIADYNYKLPDDFTGCVIAWNSNNLDSKVGGNYNYLYRLFRKSNLKPFERDISTEIYQAGSTPCNGVEGFNCYFPLQSYGFQPTNGVGYQPYRVVVLSFELLHAPATVCGPKKSTNLVKNKCVNFNFNGLTGTGVLTESNKKFLPFQQFGRDIADTTDAVRDPQTLEQVQLVQSGAEVKKPGASVKVSCKASGYTFTGYYMHWVRQAPGQGLEWMGWISPVSGGTNYAQKFQGRVTMTRDTSISTAYMELSRLRSDDTAVYYCARAPLFPTGVLAGDYYYYGMDVWGQGTTVTVSSQSALTQPASVSGSPGQSITISCTGTSSDVGSYNLVSWYQQHPGKAPKLMIYEGSKRPSGVSNRFSGSKSGNTASLTISGLQAEDEADYYCCSYAGSSTLVFGGGTKLTVLARAPLFPTGVLAGDYYYYGMDVCSYAGSSTLV,0.13,,0.0028464999999999996,
DK17,PNITNLCPFGEVFNATRFASVYAWNRKRISNCVADYSVLYNSASFSTFKCYGVSPTKLNDLCFTNVYADSFVIRGDEVRQIAPGQTGKIADYNYKLPDDFTGCVIAWNSNNLDSKVGGNYNYLYRLFRKSNLKPFERDISTEIYQAGSTPCNGVEGFNCYFPLQSYGFQPTNGVGYQPYRVVVLSFELLHAPATVCGPKKSTNLVKNKCVNFNFNGLTGTGVLTESNKKFLPFQQFGRDIADTTDAVRDPQTLEQVQLQQPGAELVRPGASVKLSCKASGYTFISYWIHWVKQRPGQGLEWIGEIDPSDSYSNYNQNFKGKATLTVDKSSSTAYMQLSSLTSEDSAVYYCARSELWAMDYWGQGTSVTVSSDIVMTQAAFSNPVTLGTSASISCRSSKSLLHSHGITYLYWYLQKPGQSPQLLIYQMSNLASGVPDRFSSSGSGTDFTLRISRVEAEDVGVYYCAQNLELPWTFGGGTKLEIARSELWAMDYAQNLELPWT,4.0,,0.29,
DK9,PNITNLCPFGEVFNATRFASVYAWNRKRISNCVADYSVLYNSASFSTFKCYGVSPTKLNDLCFTNVYADSFVIRGDEVRQIAPGQTGKIADYNYKLPDDFTGCVIAWNSNNLDSKVGGNYNYLYRLFRKSNLKPFERDISTEIYQAGSTPCNGVEGFNCYFPLQSYGFQPTNGVGYQPYRVVVLSFELLHAPATVCGPKKSTNLVKNKCVNFNFNGLTGTGVLTESNKKFLPFQQFGRDIADTTDAVRDPQTLEEVQLQQSGPELVKPGASVKISCKTSGYTETEYTMHWVKQSHGKSLEWIGGINPNNGDTIYNQKFKGKATLTVDKSSSTAYMELRSLTSEDSAVYCCAREDYGSSYAYWGQGTLVTVSADIVMSQSPSSLAVSVGEKVTMSCKSSQSLLYNSNQKKYLAWYQQKPGQSPKLLTYWASTRESGVPDRFTGSGSGTDFTLTISSVKAEDLAIYYCQQYYSYPLTFGAGTKLELKAREDYGSSYAYQQYYSYPLT,1.11,,0.347,
35B5,PNITNLCPFGEVFNATRFASVYAWNRKRISNCVADYSVLYNSASFSTFKCYGVSPTKLNDLCFTNVYADSFVIRGDEVRQIAPGQTGKIADYNYKLPDDFTGCVIAWNSNNLDSKVGGNYNYLYRLFRKSNLKPFERDISTEIYQAGSTPCNGVEGFNCYFPLQSYGFQPTNGVGYQPYRVVVLSFELLHAPATVCGPKKSTNLVKNKCVNFNFNGLTGTGVLTESNKKFLPFQQFGRDIADTTDAVRDPQTLEQVQLLESGGGLVQPGRSLRLSCAASGFTFDDYAMHWVRQAPGKGLEWVSGVSWNSGTIGYADSVKGRFTISRDNAKNSLYLHMRSLRAEDTALYYCAKAVEMVRGLMGLGADPEYGMDVWGQGTTVTVSSDIVMTQSPLSLPVTPGEPASISCRSSQSLLHSNGYNYLDWYLQKPGQSPQLLIYLGSNRASGVPDRFSGSGSGTDFTLKISRVEAEDVGVYYCMQALQTPFTFGPGTKVDIKAKAVEMVRGLMGLGADPEYGMDVMQALQTPFT,0.00219,,0.0183,
DK6,PNITNLCPFGEVFNATRFASVYAWNRKRISNCVADYSVLYNSASFSTFKCYGVSPTKLNDLCFTNVYADSFVIRGDEVRQIAPGQTGKIADYNYKLPDDFTGCVIAWNSNNLDSKVGGNYNYLYRLFRKSNLKPFERDISTEIYQAGSTPCNGVEGFNCYFPLQSYGFQPTNGVGYQPYRVVVLSFELLHAPATVCGPKKSTNLVKNKCVNFNFNGLTGTGVLTESNKKFLPFQQFGRDIADTTDAVRDPQTLEQVQLQQPGTELVKPGASVKMSCKASGYTFTSYSIHWVKQTPGQGLEWIGALYPGNGDTSYNQKFKGKATLTADKSSSTAYMQLSSLTSEDSAVYYCARDYHYDGYYVTILDYWGQGTTLTVSSDIQMTQSPSSLSASLGERVSLTCRASQEISGYLSWLQQKPDGTIKRLIYAASTLDSGVPKRFSGSRSGSDYSLTISSLESEDFADYYCLQYASYPWTFGGGTKLEIKARDYHYDGYYVTILDYLQYASYPWT,0.67,,0.096,
CC12.3,PNITNLCPFGEVFNATRFASVYAWNRKRISNCVADYSVLYNSASFSTFKCYGVSPTKLNDLCFTNVYADSFVIRGDEVRQIAPGQTGKIADYNYKLPDDFTGCVIAWNSNNLDSKVGGNYNYLYRLFRKSNLKPFERDISTEIYQAGSTPCNGVEGFNCYFPLQSYGFQPTNGVGYQPYRVVVLSFELLHAPATVCGPKKSTNLVKNKCVNFNFNGLTGTGVLTESNKKFLPFQQFGRDIADTTDAVRDPQTLEQVQLVESGGGLIQPGGSLRLSCAASGFTVSSNYMSWVRQAPGKGLEWVSVIYSGGSTFYADSVKGRFTISRDNSKSTLYLQMNSLRVEDTAVYYCARDFGDFYFDYWGQGTLVTVSSEIVLTQSPGTLSLSPGERATLSCRASQSVSSYLAWYQQKPGQAPRLLIYGASSRATGIPDRFSGSGSGTDFTLTISRLEPEDFAVYYCQQYGSSPRTFGQGTKLEIKARDFGDFYFDYQQYGSSPRT,0.349,14.0,0.018,
DK8,PNITNLCPFGEVFNATRFASVYAWNRKRISNCVADYSVLYNSASFSTFKCYGVSPTKLNDLCFTNVYADSFVIRGDEVRQIAPGQTGKIADYNYKLPDDFTGCVIAWNSNNLDSKVGGNYNYLYRLFRKSNLKPFERDISTEIYQAGSTPCNGVEGFNCYFPLQSYGFQPTNGVGYQPYRVVVLSFELLHAPATVCGPKKSTNLVKNKCVNFNFNGLTGTGVLTESNKKFLPFQQFGRDIADTTDAVRDPQTLEEVMLVESGGDLVKPGGSLKLSCAASGETESGYAMSWVRQTPEKRLEWVATISSGGSYTYYPDSVKGRETISRDNAKNILYLQMSSLRSEDTAMYYCARHDGNYVDYAMDYWGQGTSVTVSSQLVLTQSPAIMSASLGEEITLTCSASSSVSYMHWYQQKSGTSPKLLIYTTSNLASGVPSRFSGSGSGTFYSLTISSVEAEDAADYYCHQWSCWTFGGGTKLEIKARHDGNYVDYAMDYHQWSCWT,1.51,,0.221,
C135,PNITNLCPFGEVFNATRFASVYAWNRKRISNCVADYSVLYNSASFSTFKCYGVSPTKLNDLCFTNVYADSFVIRGDEVRQIAPGQTGKIADYNYKLPDDFTGCVIAWNSNNLDSKVGGNYNYLYRLFRKSNLKPFERDISTEIYQAGSTPCNGVEGFNCYFPLQSYGFQPTNGVGYQPYRVVVLSFELLHAPATVCGPKKSTNLVKNKCVNFNFNGLTGTGVLTESNKKFLPFQQFGRDIADTTDAVRDPQTLEQVQLVESGGGVVQPGRSLRLSCAASGFTFSSYAMHWVRQAPGKGLEWVAVIPFDGRNKYYADSVTGRFTISRDNSKNTLYLQMNSLRAEDTAVYYCASSSGYLFHSDYWGQGTLVTVSSDIQMTQSPSTLSASVGDRVTITCRASQSISNWLAWFQQKPGKAPKLLIYEASSLESGVPSRFSGSGSGTEFTLTISSLQPDDFATYYCQQYNSYPWTFGQGTKVEIKASSSGYLFHSDYQQYNSYPWT,0.21,,0.0017985,
DK16,PNITNLCPFGEVFNATRFASVYAWNRKRISNCVADYSVLYNSASFSTFKCYGVSPTKLNDLCFTNVYADSFVIRGDEVRQIAPGQTGKIADYNYKLPDDFTGCVIAWNSNNLDSKVGGNYNYLYRLFRKSNLKPFERDISTEIYQAGSTPCNGVEGFNCYFPLQSYGFQPTNGVGYQPYRVVVLSFELLHAPATVCGPKKSTNLVKNKCVNFNFNGLTGTGVLTESNKKFLPFQQFGRDIADTTDAVRDPQTLEQVQLKESGPGLVAPSQSLSITCTVSGFSLSDYSISWIRQPPGKGLEWLGVIWGGGSTYYNSALKSRLSISKDNSKSQVELKMNSLQTDDTAMYYCAKHPLYYGSNSDGYYAMDYWGQGTSVTVSSDIVMTQSHKFMSTSVGDRVSITCKASQDVGIVVAWYQQKPGQSPKLLIYWASTRHTGVPDRFTGSGSGTDFTLTISNVQSEDLADYFCQQYSSYPLTFGGGTKLEIKAKHPLYYGSNSDGYYAMDYQQYSSYPLT,36.5,,0.074,
H014,PNITNLCPFGEVFNATRFASVYAWNRKRISNCVADYSVLYNSASFSTFKCYGVSPTKLNDLCFTNVYADSFVIRGDEVRQIAPGQTGKIADYNYKLPDDFTGCVIAWNSNNLDSKVGGNYNYLYRLFRKSNLKPFERDISTEIYQAGSTPCNGVEGFNCYFPLQSYGFQPTNGVGYQPYRVVVLSFELLHAPATVCGPKKSTNLVKNKCVNFNFNGLTGTGVLTESNKKFLPFQQFGRDIADTTDAVRDPQTLEEVQLVQSGAEVKKPGATVKISCKVSGYSFSNYYIHWVKQAPGKSLEWIGYIDPFNGGTSDNLKFKGAATLTADTSTDTAYMELSSLRSEDTAVYYCARSEYDPYYVMDYWGQGTTVTVSSIVLTQSPFQSVSPKEKVTITCRASQSISSNLHWYQQKPDQSPKLLIKYASQSISGIPSRFSGSGSGTDFTLTINSLEAEDFGIYFCQQTNFWPYIFGQGTKLEILARSEYDPYYVMDYQQTNFWPYI,0.126,,0.7,
Ab_510A5,PNITNLCPFGEVFNATRFASVYAWNRKRISNCVADYSVLYNSASFSTFKCYGVSPTKLNDLCFTNVYADSFVIRGDEVRQIAPGQTGKIADYNYKLPDDFTGCVIAWNSNNLDSKVGGNYNYLYRLFRKSNLKPFERDISTEIYQAGSTPCNGVEGFNCYFPLQSYGFQPTNGVGYQPYRVVVLSFELLHAPATVCGPKKSTNLVKNKCVNFNFNGLTGTGVLTESNKKFLPFQQFGRDIADTTDAVRDPQTLEEVQLVESGGGLVQPGRSLRLSCAASGFTFDDYAMHWVRQAPGKGLEWVSGISWNSDSIDYADSVKGRFTISRDNAKNSLYLQMNSLRAEDTALYYCAKDRGYEILTPASFDYWGQGTLVTVSSDIQMTQSPSSLSASVGDRVTITCRASQSISSYLNWFQHKPGKAPKLLIYGASSLQSGVPSRFSGSGSGTDFTLTISSLQPEDFATYYCQQSYSTPPYTFGQGTKLEIKAKDRGYEILTPASFDYQQSYSTPPYT,7.8,0.001,,
S2-E12,PNITNLCPFGEVFNATRFASVYAWNRKRISNCVADYSVLYNSASFSTFKCYGVSPTKLNDLCFTNVYADSFVIRGDEVRQIAPGQTGKIADYNYKLPDDFTGCVIAWNSNNLDSKVGGNYNYLYRLFRKSNLKPFERDISTEIYQAGSTPCNGVEGFNCYFPLQSYGFQPTNGVGYQPYRVVVLSFELLHAPATVCGPKKSTNLVKNKCVNFNFNGLTGTGVLTESNKKFLPFQQFGRDIADTTDAVRDPQTLEQVQLVQSGPEVKKPGTSVRVSCKASGFTFTSSAVQWVRQARGQRLEWVGWIVVGSGNTNYAQKFHERVTITRDMSTSTAYMELSSLRSEDTAVYYCASPYCSGGSCSDGFDIWGQGTMVTVSSDIVLTQTPGTLSLSPGERATLSCRASQSVSSSYLAWYQQKPGQAPRLLIYGASSRATGIPDRFSGSGSGTDFTLTISRLEPEDFAVYYCQQYVGLTGWTFGQGTKVEIKASPYCSGGSCSDGFDIQQYVGLTGWT,66.0,1.7,,
